{
  "n_layers": 2,
  "h0": 32,
  "h1": 16,
  "do0": 0.18950984166614873,
  "do1": 0.30670420359011497,
  "lr": 0.00033190594600179937,
  "batch_size": 32,
  "opt": "AdamW",
  "weight_decay": 0.0008237010564740352,
  "epochs": 90,
  "score": 0.7222533981276125,
  "mean_auc": 0.7861348528015195,
  "mean_gap": 0.02603422437309564,
  "overfit_rate": 0.0,
  "n_features": 14,
  "state": "1"
}